{
    "resources": [
        {
            "name": "../../HTML5Module/fragment/RiseEmployee.fragment.xml"
        },
        {
            "name": "../../HTML5Module/Component.js"
        },
        {
            "name": "../../HTML5Module/model/models.js"
        },
        {
            "name": "../../HTML5Module/controller/ShowEmployee.controller.js"
        },
        {
            "name": "../../HTML5Module/controller/Menu.controller.js"
        },
        {
            "name": "../../HTML5Module/controller/CreateEmployee.controller.js"
        },
        {
            "name": "../../HTML5Module/controller/App.controller.js"
        },
        {
            "name": "../../HTML5Module/manifest.json"
        },
        {
            "name": "../../HTML5Module/manifest-bundle.zip"
        },
        {
            "name": "../../HTML5Module/Component-preload.js",
            "merged": true
        },
        {
            "name": "../../HTML5Module/Component-dbg.js",
            "isDebug": true
        },
        {
            "name": "../../HTML5Module/controller/ShowEmployee-dbg.controller.js",
            "isDebug": true
        },
        {
            "name": "../../HTML5Module/controller/Menu-dbg.controller.js",
            "isDebug": true
        },
        {
            "name": "../../HTML5Module/controller/CreateEmployee-dbg.controller.js",
            "isDebug": true
        },
        {
            "name": "../../HTML5Module/controller/App-dbg.controller.js",
            "isDebug": true
        },
        {
            "name": "../../HTML5Module/model/models-dbg.js",
            "isDebug": true
        },
        {
            "name": "../../../sap-ui-version.json"
        },
        {
            "name": "../../HTML5Module/view/ShowEmployee.view.xml"
        },
        {
            "name": "../../HTML5Module/view/Menu.view.xml"
        },
        {
            "name": "../../HTML5Module/view/CreateEmployee.view.xml"
        },
        {
            "name": "../../HTML5Module/view/App.view.xml"
        },
        {
            "name": "../../HTML5Module/i18n/i18n.properties",
            "raw": "i18n/i18n.properties"
        },
        {
            "name": "../../HTML5Module/fragment/ReviewPage.fragment.xml"
        },
        {
            "name": "../../HTML5Module/css/style.css"
        },
        {
            "name": "../../HTML5Module/index.html"
        }
    ]
}