{
  "manifest-bundle.zip": 1619200961159,
  "controller/CreateEmployee.controller.js": 1619113667570,
  "model/models.js": 1619051574839,
  "controller/ShowEmployee.controller.js": 1619121353559,
  "controller/Menu.controller.js": 1619051574831,
  "manifest.json": 1619200961489,
  "controller/App.controller.js": 1619051574831,
  "Component.js": 1619126262215,
  "i18n/i18n.properties": 1619117094993,
  "Component-preload.js": 1619200961427,
  "Component-dbg.js": 1619126262215,
  "controller/ShowEmployee-dbg.controller.js": 1619121353559,
  "controller/Menu-dbg.controller.js": 1619051574831,
  "controller/CreateEmployee-dbg.controller.js": 1619113667570,
  "controller/App-dbg.controller.js": 1619051574831,
  "model/models-dbg.js": 1619051574839,
  "view/ShowEmployee.view.xml": 1619190175989,
  "view/Menu.view.xml": 1619108087014,
  "view/CreateEmployee.view.xml": 1619123563743,
  "view/App.view.xml": 1619051574867,
  "fragment/RiseEmployee.fragment.xml": 1619051574835,
  "fragment/ReviewPage.fragment.xml": 1619116079675,
  "css/style.css": 1619051574835,
  "index.html": 1619051574839
}